ananāsi,Auglis
apelsīni,Auglis
aprikozes,Auglis
arbūzs,Auglis
asā paprika,Dārzenis
auzu milti,Milti
auzu pārslas,Putraimi
auzu piens,Piens
avenes,Ogas
āboli,Auglis
banāni,Auglis
batāte,Dārzenis
bekons,Gaļa
brūklenes,Ogas
bumbieri,Auglis
ciedru rieksti,Rieksti
cukura sīrups,Sīrups
cukurniedru cukurs,Cukurs
cukurs,Cukurs
dateles,Auglis
dzērvenes,Ogas
etiķis,Etiķis
gaiši brūnais cukurs,Cukurs
gi sviets,Sviets
granātāboli,Auglis
griķi,Putraimi
griķu milti,Milti
guavas sīrups,Sīrups
indijas rieksti,Rieksti
kanēlis,Garšvielas
kokosa eļļa,Eļļa
kokosa milti,Milti
kokosa piens,Piens
kukurūzas milti,Milti
kukurūzas sīrups,Sīrups
kumīns ,Garšvielas
kviešu milti,Milti
ķimenes,Garšvielas
ķiploks,Dārzenis
ķiploku pulveris,Garšvielas
ķirbis,Dārzenis
lazdu rieksti,Rieksti
magoņu sēklas,Sēklas
makadāmijas rieksti,Rieksti
malts kanēlis,Garšvielas
mandarīni,Auglis
mandeļu eļļa,Eļļa
mandeļu milti,Milti
mandeļu piens,Piens
mango,Auglis
manna ,Putraimi
medus,Cukurs
mellenes,Ogas
melone,Auglis
nektarīni,Auglis
olas baltums,Olas
olas dzeltenums,Olas
olīveļļa,Eļļa
paipalu olas,Olas
paprikas pulveris,Garšvielas
pekanrieksti,Rieksti
pektīns,Garšas pastiprinātāji
periski,Auglis
piens,Piens
pipari,Garšvielas
pistācijas,Rieksti
plūmes,Auglis
pūdercukurs,Cukurs
raugs,Raugs
rīsi,Putraimi
rozīnes,Cukāti
rudzu milti,Milti
saulespuķu eļļa,Eļļa
sāls,Garšvielas
sezama sēklas,Sēklas
sezamu eļļa,Eļļa
sēpijas cukurs,Cukurs
sīpols,Dārzenis
sīpolu pulveris,Garšvielas
smilktsērkšķi,Ogas
soda,Garšvielas
Sodium Erythorbate,Garšas pastiprinātāji
sojas mērce,Garšvielas
sojas eļļa,Eļļa
strausa olas,Olas
sviests,Sviests
Tapioca Maltodextrin,Garšas pastiprinātāji
tumeriks,Garšvielas
tumši brūnais cukurs,Cukurs
ūdens,ūdens
valrieksti,Rieksti
vanilīns,Garšvielas
vaniļas cukurs,Cukurs
vaniļas pāksts,Garšvielas
vistu olas,Olas
vīnogas bez kauliņiem,Auglis
vīnogas gaišās,Auglis
vīnogas tumšās,Auglis
vīnogu kauliņu eļļa,Eļļa
zelta rozīnes,Cukāti
zemenes,Ogas
zemes rieksti,Rieksti
žāvētas dzērvenes,Cukāti
žāvētas plūmes,Cukāti
