kviešu maize,kviešu milti
kviešu maize,sāls
kviešu maize,ūdens
kviešu maize,cukurs
rudzu maize,rudzu milti
rudzu maize,sāls
rudzu maize,ūdens
rudzu maize,cukurs
keto maize,mandeļu milti
keto maize,kokosa milti
keto maize,gi sviets
keto maize,ūdens
keto maize,pekanrieksti
tostermaize,kviešu milti
tostermaize,sāls
tostermaize,sviests
tostermaize,ūdens
tostermaize,cukurs
ķirbju maize,kviešu milti
ķirbju maize,ķirbis
ķirbju maize,ūdens
ķirbju maize,batāte
ķirbju maize,sāls
ķirbju maize,tumši brūnais cukurs
kafijas maizīte,kviešu milti
kafijas maizīte,vistu olas
kafijas maizīte,cukurs
kafijas maizīte,piens
kafijas maizīte,cukura sīrups
kafijas maizīte,vanilīns
vāverīte,kviešu milti
vāverīte,sviests
vāverīte,lazdu rieksti
vāverīte,cukurniedru cukurs
vāverīte,vaniļas pāksts
vāverīte,kanēlis
vāverīte,malts kanēlis
speķa pīrādziņš,kviešu milti
speķa pīrādziņš,sviests
speķa pīrādziņš,bekons
speķa pīrādziņš,sīpols
speķa pīrādziņš,pipari
speķa pīrādziņš,sviests
speķa pīrādziņš,olas baltums
speķa pīrādziņš,etiķis
speķa pīrādziņš,ķimenes
speķa pīrādziņš,ķiploku pulveris
speķa pīrādziņš,ķiploks
speķa pīrādziņš,sīpolu pulveris
avenīte,mandeļu milti
avenīte,avenes
avenīte,auzu milti
avenīte,auzu piens
avenīte,dateles
avenīte,kokosa eļļa
avenīte,vaniļas cukurs
piciņa,mandeļu milti
piciņa,kviešu milti
piciņa,asā paprika
piciņa,pektīns
piciņa,paipalu olas
piciņa,bekons
piciņa,zemenes
plātsmaizes ābolu,kviešu milti
plātsmaizes ābolu,āboli
plātsmaizes ābolu,bumbieri
plātsmaizes ābolu,sviests
plātsmaizes ābolu,ūdens
plātsmaizes ābolu,auzu milti
plātsmaizes ābolu,aprikozes
eksotiskā plātsmaize,kviešu milti
eksotiskā plātsmaize,banāni
eksotiskā plātsmaize,dateles
eksotiskā plātsmaize,sviests
eksotiskā plātsmaize,ūdens
eksotiskā plātsmaize,guavas sīrups
eksotiskā plātsmaize,indijas rieksti
eksotiskā plātsmaize,mandarīni
eksotiskā plātsmaize,mango
veselīgā plātsmaize,auzu milti
veselīgā plātsmaize,auzu piens
veselīgā plātsmaize,apelsīni
veselīgā plātsmaize,ciedru rieksti
veselīgā plātsmaize,dateles
veselīgā plātsmaize,medus
veselīgā plātsmaize,mellenes
pavlova,mandeļu eļļa
pavlova,mandeļu milti
pavlova,mandeļu piens
pavlova,avenes
pavlova,olas baltums
pavlova,pistācijas
pavlova,zemenes
pavlova,Sodium Erythorbate
pavlova,Tapioca Maltodextrin
vitamīnu sprādziens,ananāsi
vitamīnu sprādziens,apelsīni
vitamīnu sprādziens,aprikozes
vitamīnu sprādziens,arbūzs
vitamīnu sprādziens,avenes
vitamīnu sprādziens,granātāboli
vitamīnu sprādziens,mandarīni
vitamīnu sprādziens,mango
vitamīnu sprādziens,mellenes
vitamīnu sprādziens,melone
vitamīnu sprādziens,nektarīni
vitamīnu sprādziens,smilktsērkšķi
vitamīnu sprādziens,vīnogas tumšās
vitamīnu sprādziens,vīnogas gaišās
vitamīnu sprādziens,vīnogas bez kauliņiem
vitamīnu sprādziens,zemenes
vitamīnu sprādziens,tumeriks
vitamīnu sprādziens,žāvētas dzērvenes
auzu cepumi ar ogām,auzu pārslas
auzu cepumi ar ogām,brūklenes
auzu cepumi ar ogām,gaiši brūnais cukurs
auzu cepumi ar ogām,dzērvenes
auzu cepumi ar ogām,griķu milti
auzu cepumi ar ogām,olīveļļa
auzu cepumi ar ogām,rozīnes
auzu cepumi ar ogām,žāvētas plūmes
auzu cepumi ar ogām,žāvētas dzērvenes
auzu cepumi ar riekstiem,auzu pārslas
auzu cepumi ar riekstiem,ciedru rieksti
auzu cepumi ar riekstiem,guavas sīrups
auzu cepumi ar riekstiem,indijas rieksti
auzu cepumi ar riekstiem,kukurūzas sīrups
auzu cepumi ar riekstiem,lazdu rieksti
auzu cepumi ar riekstiem,magoņu sēklas
auzu cepumi ar riekstiem,makadāmijas rieksti
auzu cepumi ar riekstiem,pekanrieksti
auzu cepumi ar riekstiem,pistācijas
auzu cepumi ar riekstiem,sezama sēklas
auzu cepumi ar riekstiem,sojas eļļa
auzu cepumi ar riekstiem,valrieksti
rīsu gardums,rīsi
rīsu gardums,kukurūzas milti
rīsu gardums,griķi
rīsu gardums,griķu milti
rīsu gardums,kokosa piens
rīsu gardums,mandeļu piens
rīsu gardums,manna 
rīsu gardums,medus
rīsu gardums,olas dzeltenums
sēklu gardums,sezama sēklas
sēklu gardums,cukura sīrups
sēklu gardums,sezamu eļļa
sēklu gardums,sēpijas cukurs
sēklu gardums,strausa olas
sēklu gardums,indijas rieksti
